INSERT INTO Categorias (Nombre, Descripcion) VALUES
('Alimentos - Repostería y Cocina', 'Ingredientes para hornear'),
('Cocina', 'Licuadoras y extractores'),
('Salud', 'Acondicionamiento físico y nutrición'),
('Alimentos - Snacks', 'Snacks saludables'),
('Hogar Inteligente', 'Accesorios de automatización del hogar'),
('Alimentos - Snacks', 'Snacks saludables'),
('Oficina', 'Herramientas de organización'),
('Cocina', 'Licuadoras y extractores'),
('Alimentos - Lácteos', 'Queso'),
('Hogar', 'Arte decorativo de pared y accesorios'),
('Alimentos - Snacks', 'Snacks saludables'),
('Accesorios', 'Cuidado personal'),
('Exterior', 'Accesorios para exteriores'),
('Alimentos - Repostería', 'Mezclas para hornear'),
('Suministros de Arte', 'Suministros de arte digital'),
('Hogar', 'Arte decorativo de pared y accesorios'),
('Electrónica', 'Equipos de entretenimiento para el hogar'),
('Cocina', 'Accesorios para café'),
('Accesorios', 'Carteras'),
('Ropa - Parte Superior', 'Ropa deportiva'),
('Herramientas', 'Herramientas manuales'),
('Alimentos - Bebidas', 'Té de hierbas'),
('Ropa - Calzado', 'Botas'),
('Libros', 'Cuadernos de notas'),
('Alimentos - Postres', 'Postres de chocolate'),
('Alimentos - Panadería', 'Panes'),
('Cocina', 'Accesorios para hornear'),
('Belleza', 'Baño y cuerpo'),
('Manualidades', 'Suministros para hacer velas y jabón'),
('Jardín', 'Decoración de jardín'),
('Alimentos - Postres Congelados', 'Sabores de helado'),
('Hogar', 'Accesorios de cocina'),
('Automotriz', 'Accesorios para motocicletas'),
('Alimentos - Alternativas Lácteas', 'Bebidas vegetales'),
('Cocina', 'Pequeños electrodomésticos'),
('Alimentos - Bebidas', 'Batidos'),
('Alimentos - Snacks', 'Nueces y semillas'),
('Alimentos - Lácteos', 'Yogur con sabor'),
('Accesorios', 'Almacenamiento de joyería'),
('Alimentos - Lácteos', 'Untables lácteos'),
('Cocina', 'Soluciones de almacenamiento de alimentos'),
('Alimentos - Snacks', 'Snacks salados'),
('Ropa - Ropa Exterior', 'Chamarras deportivas'),
('Mascotas', 'Suministros para alimentar mascotas'),
('Alimentos - Proteína', 'Snacks proteicos'),
('Viajes', 'Accesorios de viaje'),
('Accesorios', 'Cuidado personal'),
('Cocina', 'Licuadoras y extractores'),
('Alimentos - Desayuno', 'Opciones saludables de desayuno'),
('Salud', 'Prevención y recuperación de lesiones'),
('Alimentos - Snacks', 'Snacks gourmet'),
('Alimentos - Panadería', 'Pan plano'),
('Fitness', 'Accesorios de acondicionamiento físico'),
('Alimentos - Lácteos', 'Queso'),
('Juguetes', 'Juegos de mesa'),
('Electrónica', 'Accesorios móviles'),
('Mascotas', 'Accesorios para mascotas'),
('Automotriz', 'Accesorios automotrices'),
('Mascotas', 'Accesorios para perros'),
('Alimentos - Comida Congelada', 'Comidas congeladas'),
('Ropa - Accesorios', 'Bolsos'),
('Cocina', 'Accesorios para hornear'),
('Alimentos - Bebidas', 'Bebidas con gas'),
('Fitness', 'Equipo para yoga'),
('Alimentos - Productos Horneados', 'Pays y tartas'),
('Alimentos - Bebidas', 'Batidos'),
('Juguetes', 'Juguetes de juego al aire libre'),
('Alimentos - Lácteos', 'Queso'),
('Cocina', 'Accesorios para bar'),
('Fotografía', 'Accesorios para cámara'),
('Alimentos - Verduras', 'Alternativas a la pasta'),
('Alimentos - Condimentos', 'Aderezos'),
('Alimentos - Condimentos', 'Salsas asiáticas'),
('Alimentos - Comidas Preparadas', 'Kits de comida - Pasta'),
('Alimentos - Bebidas', 'Bebidas saludables'),
('Electrónica', 'Accesorios de energía solar'),
('Exterior', 'Accesorios para exteriores'),
('Alimentos - Comidas Congeladas', 'Frutas congeladas'),
('Alimentos - Comidas Congeladas', 'Pizza congelada'),
('Alimentos - Granos', 'Platos de arroz'),
('Juguetes', 'Juguetes de juego al aire libre'),
('Mascotas', 'Juguetes para perros'),
('Alimentos - Pasta', 'Pasta'),
('Alimentos - Granos', 'Granos especiales'),
('Alimentos - Aderezos', 'Aderezos'),
('Alimentos - Condimentos', 'Mermeladas de frutas'),
('Alimentos - Productos Frescos', 'Snacks de vegetales'),
('Ropa - Ropa Exterior', 'Chamarras'),
('Exterior', 'Accesorios para exteriores'),
('Alimentos - Carne', 'Carnes marinadas'),
('Alimentos - Carne', 'Aves'),
('Hogar Inteligente', 'Seguridad para el hogar'),
('Alimentos - Salsas', 'Salsas para pasta'),
('Hogar', 'Decoración de temporada para el hogar'),
('Mascotas', 'Suministros de aseo'),
('Ropa - Abrigos', 'Abrigos de piel sintética'),
('Accesorios', 'Souvenirs de viaje'),
('Accesorios', 'Accesorios tecnológicos'),
('Automotriz', 'Accesorios para teléfonos'),
('Ropa - Ropa Exterior', 'Abrigos');



INSERT INTO Productos (Nombre, Descripcion, Precio, Stock, Categoria_id) VALUES
('Mezcla para panqueques', 'Mezcla lista para preparar panqueques con chispas de chocolate.', 48.9, 20, 3),
('Set de pesas ajustables', 'Mancuernas ajustables que ahorran espacio para entrenamiento de fuerza.', 999.0, 25, 14),
('Ravioles de espinaca', 'Ravioles rellenos de espinaca fresca y ricotta cremosa.', 84.75, 30, 68),
('Hummus de ajo', 'Dip cremoso de garbanzo con ajo intenso.', 55.2, 24, 81),
('Manta suave', 'Cobija ligera y cálida ideal para noches frías.', 189.0, 11, 64),
('Kit de construcción creativa', 'Set de bloques para fomentar la imaginación infantil.', 299.0, 10, 69),
('Botana de queso', 'Crujientes bocadillos de queso que se deshacen en la boca.', 62.5, 12, 56),
('Ravioles de calabaza', 'Ravioles rellenos de calabaza asada y especias.', 88.0, 23, 26),
('Semillas de calabaza', 'Botana crujiente de semillas de calabaza tostadas.', 35.0, 27, 3),
('Rallador multifuncional', 'Rallador de acero para quesos y verduras.', 79.9, 7, 77),
('Yogur probiótico', 'Yogur cremoso con probióticos, varios sabores.', 39.5, 16, 77),
('Aderezo de miso', 'Aderezo con pasta de miso para ensaladas.', 47.0, 26, 85),
('Zanahorias baby', 'Zanahorias frescas y crujientes listas para comer.', 28.9, 26, 40),
('Pasta italiana', 'Pasta artesanal italiana para platillos clásicos.', 56.8, 12, 45),
('Hamburguesas de res', 'Hamburguesas jugosas con carne de res alimentada con pasto.', 132.0, 14, 58),
('Jumpsuit cruzado', 'Jumpsuit con diseño cruzado que favorece la figura.', 349.0, 16, 79),
('Té fermentado', 'Té fermentado refrescante y ácido, varios sabores.', 42.0, 17, 73),
('Arroz frito congelado', 'Arroz frito con vegetales y salsa de soya.', 73.9, 27, 42),
('Tenis transpirables', 'Calzado cómodo con malla que permite respirar el pie.', 399.0, 18, 62),
('Pretzels con chocolate', 'Pretzels cubiertos de chocolate para un antojo dulce.', 68.0, 28, 59),
('Aceite de oliva extra virgen', 'Compatible con múltiples dispositivos.', 419.63, 26, 84),
('Juego de cuchillos de chef', 'Diseñado con materiales ecológicos.', 457.33, 21, 58),
('Crema hidratante facial', 'Diseñado para máxima funcionalidad y estilo.', 273.98, 7, 44),
('Barra energética de avena', 'Producto de alta calidad con ingredientes naturales.', 602.13, 12, 76),
('Audífonos inalámbricos deportivos', 'Ideal para un estilo de vida saludable y activo.', 41.93, 27, 81),
('Cuaderno con diseño artístico', 'Producto de alta calidad con ingredientes naturales.', 255.7, 6, 43),
('Pelota de yoga antideslizante', 'Diseñado para máxima funcionalidad y estilo.', 530.65, 13, 86),
('Salsa BBQ ahumada', 'Fácil de usar, seguro y duradero.', 241.52, 9, 74),
('Pan artesanal integral', 'Inspirado en las últimas tendencias.', 490.65, 30, 61),
('Galletas de avena con chispas', 'Aporta beneficios prácticos y decorativos.', 218.56, 8, 85),
('Leche vegetal de almendra', 'Aporta beneficios prácticos y decorativos.', 376.54, 18, 60),
('Cereal de granola natural', 'Producto de alta calidad con ingredientes naturales.', 684.12, 25, 13),
('Alfombra decorativa redonda', 'Producto de alta calidad con ingredientes naturales.', 423.13, 15, 14),
('Loción corporal de coco', 'Ideal para un estilo de vida saludable y activo.', 219.69, 22, 58),
('Collar con dije minimalista', 'Fórmula especializada para cuidado diario.', 441.69, 13, 60),
('Papel fotográfico brillante', 'Ideal para un estilo de vida saludable y activo.', 878.0, 7, 57),
('Pelota interactiva para perro', 'Perfecto para cualquier momento del día.', 129.38, 25, 70),
('Batería portátil solar', 'Producto de alta calidad con ingredientes naturales.', 969.11, 29, 31),
('Mermelada de frutos rojos', 'Fórmula especializada para cuidado diario.', 426.78, 20, 28),
('Bolso cruzado de piel sintética', 'Aporta beneficios prácticos y decorativos.', 904.95, 10, 49);


INSERT INTO Clientes (Nombre, Correo_Electronico, Direccion, Telefono) VALUES
('Silvana Scouller', 'sscouller0@e-recht24.de', '15th Floor', '399-379-4012'),
('Bertina Mc Carrick', 'bmc1@people.com.cn', 'Apt 28', '852-972-5846'),
('Zechariah De Ruggero', 'zde2@uol.com.br', '10th Floor', '763-973-0836'),
('Caddric Sebyer', 'csebyer3@etsy.com', 'Apt 67', '524-861-3319'),
('Babara Starbuck', 'bstarbuck4@is.gd', 'Apt 1014', '662-708-5431'),
('Jasmina Brien', 'jbrien5@fema.gov', 'Apt 1988', '755-169-4511'),
('Abby O''Henehan', 'aohenehan6@skyrock.com', 'PO Box 43523', '170-489-1941'),
('Giordano Elph', 'gelph7@ftc.gov', 'Suite 73', '152-448-5693'),
('Abigail Hedylstone', 'ahedylstone8@mozilla.com', '9th Floor', '301-793-9391'),
('Thibaud Coopper', 'tcoopper9@constantcontact.com', 'Apt 1581', '663-809-6705'),
('Emelina Kovelmann', 'ekovelmanna@opera.com', 'Room 1310', '542-740-2109'),
('Franky Calcut', 'fcalcutb@si.edu', 'Room 1360', '332-711-8113'),
('Arron Loader', 'aloaderc@google.de', 'Suite 35', '548-632-0688'),
('Amata Wansbury', 'awansburyd@sciencedaily.com', '8th Floor', '255-766-9238'),
('Jermayne Poulgreen', 'jpoulgreene@cnbc.com', 'Room 559', '747-907-5397'),
('Barbaraanne Dowderswell', 'bdowderswellf@themeforest.net', 'Room 567', '745-632-8819'),
('Mandel Skitt', 'mskittg@dagondesign.com', 'Room 80', '228-121-9891'),
('Daron Shildrick', 'dshildrickh@clickbank.net', 'Room 978', '686-246-2746'),
('Pietra Seymour', 'pseymouri@smh.com.au', 'Apt 149', '421-758-6053'),
('Verney Baumann', 'vbaumannj@seattletimes.com', 'Suite 71', '590-812-3220'),
('Salim Balma', 'sbalmak@yandex.ru', '8th Floor', '557-242-4119'),
('Erhard Knellen', 'eknellenl@biblegateway.com', 'PO Box 33924', '238-507-0037'),
('Kelsy Jobbins', 'kjobbinsm@webeden.co.uk', 'Room 1462', '622-730-8387'),
('Saunderson Nimmo', 'snimmon@omniture.com', 'Apt 120', '428-851-2452'),
('Lotty Wye', 'lwyeo@usgs.gov', 'Suite 15', '302-681-9709'),
('Elvira Haldenby', 'ehaldenbyp@smh.com.au', 'Room 1417', '514-848-7501'),
('Fitz Jorio', 'fjorioq@4shared.com', 'Apt 46', '123-537-9570'),
('Isidoro Kirkam', 'ikirkamr@wiley.com', 'Suite 89', '993-582-6150'),
('Colly Conyers', 'cconyerss@fotki.com', '7th Floor', '311-303-2323'),
('Booth Happs', 'bhappst@mlb.com', 'Apt 503', '296-178-4360'),
('Doretta Brogiotti', 'dbrogiottiu@yellowbook.com', 'Room 5', '949-225-8222'),
('Bailie Parvin', 'bparvinv@seattletimes.com', 'Room 801', '830-470-1142'),
('Tammie Fyfield', 'tfyfieldw@mtv.com', 'Room 1488', '824-845-1656'),
('Moina Bertson', 'mbertsonx@patch.com', 'Suite 63', '306-569-7651'),
('Amelita Matonin', 'amatoniny@blogs.com', 'Room 1398', '832-301-2205'),
('Dode Greiswood', 'dgreiswoodz@123-reg.co.uk', 'Room 373', '783-259-7973'),
('Mirilla Rannie', 'mrannie10@vkontakte.ru', 'Room 1034', '889-581-4434'),
('Buffy Kitchinham', 'bkitchinham11@hhs.gov', 'Room 461', '594-299-6606'),
('Kaylil Chalmers', 'kchalmers12@creativecommons.org', 'PO Box 86712', '937-497-7076'),
('Nikaniki Royce', 'nroyce13@dell.com', 'Room 1710', '602-970-5731');


INSERT INTO Pedidos (Fecha_pedido, Estado, Id_Cliente) VALUES
('2025-07-01', 'Cancelado', 18),
('2025-07-02', 'Entregado', 15),
('2025-07-03', 'Entregado', 48),
('2025-07-04', 'Entregado', 44),
('2025-07-05', 'Cancelado', 35),
('2025-07-06', 'Entregado', 38),
('2025-07-07', 'Pendiente', 3),
('2025-07-08', 'Entregado', 6),
('2025-07-09', 'Entregado', 15),
('2025-07-10', 'Cancelado', 39),
('2025-07-11', 'Entregado', 36),
('2025-07-12', 'Entregado', 46),
('2025-07-13', 'Cancelado', 45),
('2025-07-14', 'Cancelado', 27),
('2025-07-15', 'Entregado', 29),
('2025-07-16', 'Cancelado', 18),
('2025-07-17', 'Entregado', 49),
('2025-07-18', 'Entregado', 45),
('2025-07-19', 'Pendiente', 22),
('2025-07-20', 'Pendiente', 10),
('2025-07-21', 'Entregado', 49),
('2025-07-22', 'Pendiente', 7),
('2025-07-23', 'Entregado', 25),
('2025-07-24', 'Entregado', 23),
('2025-07-25', 'Pendiente', 39),
('2025-07-26', 'Pendiente', 3),
('2025-07-27', 'Cancelado', 30),
('2025-07-28', 'Cancelado', 8),
('2025-07-29', 'Pendiente', 6),
('2025-07-30', 'Cancelado', 19),
('2025-07-31', 'Cancelado', 40),
('2025-08-01', 'Pendiente', 37),
('2025-08-02', 'Entregado', 46),
('2025-08-03', 'Entregado', 3),
('2025-08-04', 'Cancelado', 15),
('2025-08-05', 'Pendiente', 6),
('2025-08-06', 'Entregado', 7),
('2025-08-07', 'Pendiente', 18),
('2025-08-08', 'Pendiente', 41),
('2025-08-09', 'Pendiente', 11),
('2025-08-10', 'Pendiente', 23),
('2025-08-11', 'Entregado', 43),
('2025-08-12', 'Pendiente', 45),
('2025-08-13', 'Cancelado', 42),
('2025-08-14', 'Entregado', 39),
('2025-08-15', 'Cancelado', 11),
('2025-08-16', 'Cancelado', 47),
('2025-08-17', 'Entregado', 11),
('2025-08-18', 'Pendiente', 25),
('2025-08-19', 'Pendiente', 41);



INSERT INTO Detalles_Pedido (Id_Pedido, Id_Producto, Cantidad, Precio_Unitario) VALUES
(51, 1, 2, 48.90),
(51, 2, 1, 999.00),
(52, 3, 1, 84.75),
(52, 4, 1, 55.20),
(53, 5, 2, 189.00),
(53, 6, 1, 299.00),
(54, 7, 2, 62.50),
(54, 8, 1, 88.00),
(55, 9, 1, 35.00),
(55, 10, 1, 79.90),
(56, 11, 2, 39.50),
(56, 12, 1, 47.00),
(57, 13, 1, 28.90),
(57, 14, 2, 56.80),
(58, 15, 2, 132.00),
(58, 16, 1, 349.00),
(59, 17, 1, 42.00),
(59, 18, 2, 73.90),
(60, 19, 1, 399.00),
(60, 20, 1, 68.00),
(61, 21, 1, 5632.66),
(61, 22, 2, 3094.99),
(62, 23, 1, 3673.21),
(62, 24, 1, 2769.38),
(63, 25, 2, 1013.02),
(63, 26, 2, 3546.52),
(64, 27, 1, 3050.61),
(64, 28, 1, 3465.54),
(65, 29, 2, 3635.68),
(65, 30, 1, 2115.14),
(66, 4, 2, 55.20),
(66, 8, 2, 88.00),
(67, 12, 1, 47.00),
(67, 16, 1, 349.00),
(68, 20, 1, 68.00),
(68, 24, 1, 2769.38),
(69, 3, 1, 84.75),
(69, 6, 2, 299.00),
(70, 9, 1, 35.00),
(70, 13, 1, 28.90),
(71, 18, 1, 73.90),
(71, 22, 2, 3094.99),
(72, 7, 3, 62.50),
(72, 11, 2, 39.50),
(73, 2, 1, 999.00),
(73, 14, 2, 56.80),
(74, 5, 1, 189.00),
(74, 17, 1, 42.00),
(75, 10, 1, 79.90),
(75, 15, 1, 132.00),
(76, 19, 1, 399.00),
(76, 23, 1, 3673.21),
(77, 27, 2, 3050.61),
(77, 30, 1, 2115.14),
(78, 1, 1, 48.90),
(78, 8, 1, 88.00),
(79, 21, 1, 5632.66),
(79, 28, 1, 3465.54),
(80, 24, 1, 2769.38),
(80, 6, 2, 299.00),
(81, 16, 1, 349.00),
(81, 26, 2, 3546.52),
(82, 17, 1, 42.00),
(82, 19, 1, 399.00),
(83, 4, 1, 55.20),
(83, 9, 2, 35.00),
(84, 11, 1, 39.50),
(84, 13, 2, 28.90),
(85, 18, 2, 73.90),
(85, 22, 1, 3094.99),
(86, 25, 2, 1013.02),
(86, 27, 2, 3050.61),
(87, 3, 1, 84.75),
(87, 7, 2, 62.50),
(88, 15, 1, 132.00),
(88, 23, 1, 3673.21),
(89, 20, 2, 68.00),
(89, 29, 2, 3635.68),
(90, 30, 1, 2115.14),
(90, 12, 1, 47.00),
(91, 14, 2, 56.80),
(91, 5, 1, 189.00),
(92, 10, 2, 79.90),
(92, 26, 1, 3546.52),
(93, 6, 1, 299.00),
(93, 28, 2, 3465.54),
(94, 17, 2, 42.00),
(94, 2, 1, 999.00),
(95, 8, 1, 88.00),
(95, 24, 1, 2769.38),
(96, 9, 1, 35.00),
(96, 18, 1, 73.90),
(97, 22, 1, 3094.99),
(97, 13, 1, 28.90),
(98, 19, 2, 399.00),
(98, 27, 1, 3050.61),
(99, 11, 1, 39.50),
(99, 3, 1, 84.75),
(100, 16, 1, 349.00),
(100, 21, 2, 5632.66);



INSERT INTO Resenas (Calificacion_Producto, Comentario, Fecha, Id_Producto, Id_Cliente) VALUES
(5, 'Excelente calidad, superó mis expectativas.', '2025-07-16', 29, 12),
(4, 'Muy buen producto, lo recomiendo.', '2025-07-17', 7, 22),
(4, 'Buena relación calidad-precio.', '2025-07-18', 13, 22),
(4, 'Cumple con lo prometido, aunque podría mejorar.', '2025-07-19', 5, 17),
(3, 'Producto funcional, pero esperaba más.', '2025-07-20', 8, 13),
(5, 'Me encantó, volvería a comprarlo.', '2025-07-21', 18, 17),
(5, 'Es justo lo que necesitaba, excelente.', '2025-07-22', 19, 28),
(5, 'Entrega rápida y el producto llegó en buen estado.', '2025-07-23', 13, 24),
(3, 'Todo bien, aunque el empaque venía dañado.', '2025-07-24', 5, 33),
(4, 'No es perfecto, pero por el precio está bien.', '2025-07-25', 3, 31),
(3, 'Muy útil, lo uso a diario.', '2025-07-26', 28, 8),
(3, 'La calidad no es la mejor, pero cumple.', '2025-07-27', 21, 11),
(5, 'Perfecto para lo que buscaba.', '2025-07-28', 14, 39),
(3, 'Satisfecho con la compra.', '2025-07-29', 13, 25),
(5, 'No me gustó tanto como esperaba.', '2025-07-30', 15, 34),
(4, 'Lo recomiendo totalmente.', '2025-07-31', 18, 1),
(5, 'Muy práctico y funcional.', '2025-08-01', 24, 8),
(5, 'Se nota que es de buena marca.', '2025-08-02', 29, 35),
(4, 'No me funcionó, lo devolví.', '2025-08-03', 25, 10),
(4, 'Volveré a comprar otro igual.', '2025-08-04', 4, 19),
(4, 'Excelente calidad, superó mis expectativas.', '2025-08-05', 6, 30),
(3, 'Muy buen producto, lo recomiendo.', '2025-08-06', 24, 37),
(4, 'Buena relación calidad-precio.', '2025-08-07', 17, 29),
(3, 'Cumple con lo prometido, aunque podría mejorar.', '2025-08-08', 17, 7),
(5, 'Producto funcional, pero esperaba más.', '2025-08-09', 10, 18),
(5, 'Me encantó, volvería a comprarlo.', '2025-08-10', 20, 13),
(3, 'Es justo lo que necesitaba, excelente.', '2025-08-11', 12, 16),
(3, 'Entrega rápida y el producto llegó en buen estado.', '2025-08-12', 18, 5),
(5, 'Todo bien, aunque el empaque venía dañado.', '2025-08-13', 30, 1),
(5, 'No es perfecto, pero por el precio está bien.', '2025-08-14', 11, 32),
(3, 'Muy útil, lo uso a diario.', '2025-08-15', 4, 24),
(4, 'La calidad no es la mejor, pero cumple.', '2025-08-16', 8, 4),
(3, 'Perfecto para lo que buscaba.', '2025-08-17', 29, 37),
(3, 'Satisfecho con la compra.', '2025-08-18', 3, 36),
(4, 'No me gustó tanto como esperaba.', '2025-08-19', 27, 5),
(5, 'Lo recomiendo totalmente.', '2025-08-20', 25, 9),
(3, 'Muy práctico y funcional.', '2025-08-21', 22, 31),
(5, 'Se nota que es de buena marca.', '2025-08-22', 6, 17),
(5, 'No me funcionó, lo devolví.', '2025-08-23', 28, 39),
(4, 'Volveré a comprar otro igual.', '2025-08-24', 7, 35);